<?xml version="1.0" encoding="UTF-8"?>
<configurationDescriptor version="100">
  <logicalFolder name="root" displayName="root" projectFiles="true" kind="ROOT">
    <df root="src" name="0">
    </df>
    <logicalFolder name="ExternalFiles"
                   displayName="Important Files"
                   projectFiles="false"
                   kind="IMPORTANT_FILES_FOLDER">
      <itemPath>nbproject/private/launcher.properties</itemPath>
    </logicalFolder>
  </logicalFolder>
  <sourceFolderFilter>^(nbproject)$</sourceFolderFilter>
  <sourceRootList>
    <Elem>src</Elem>
  </sourceRootList>
  <projectmakefile></projectmakefile>
  <confs>
    <conf name="Debug_Main" type="0">
      <toolsSet>
        <compilerSet>default</compilerSet>
        <dependencyChecking>false</dependencyChecking>
        <rebuildPropChanged>false</rebuildPropChanged>
      </toolsSet>
      <codeAssistance>
      </codeAssistance>
      <makefileType>
        <makeTool>
          <buildCommandWorkingDir>src</buildCommandWorkingDir>
          <buildCommand>${MAKE} BUILD_MODE=debug</buildCommand>
          <cleanCommand>${MAKE} clean BUILD_MODE=debug</cleanCommand>
          <executablePath>build/EXE/debug/galaxy-explorer</executablePath>
        </makeTool>
        <preBuild>
          <preBuildCommandWorkingDir>.</preBuildCommandWorkingDir>
          <preBuildCommand></preBuildCommand>
        </preBuild>
      </makefileType>
    </conf>
    <conf name="Debug_Test" type="0">
      <toolsSet>
        <compilerSet>default</compilerSet>
        <dependencyChecking>false</dependencyChecking>
        <rebuildPropChanged>false</rebuildPropChanged>
      </toolsSet>
      <codeAssistance>
      </codeAssistance>
      <makefileType>
        <makeTool>
          <buildCommandWorkingDir>src</buildCommandWorkingDir>
          <buildCommand>${MAKE} BUILD_MODE=debug</buildCommand>
          <cleanCommand>${MAKE} clean BUILD_MODE=debug</cleanCommand>
          <executablePath>build/EXE/debug/test_galaxy-explorer</executablePath>
        </makeTool>
        <preBuild>
          <preBuildCommandWorkingDir>.</preBuildCommandWorkingDir>
          <preBuildCommand></preBuildCommand>
        </preBuild>
      </makefileType>
    </conf>
    <conf name="Release_Main" type="0">
      <toolsSet>
        <compilerSet>default</compilerSet>
        <dependencyChecking>false</dependencyChecking>
        <rebuildPropChanged>false</rebuildPropChanged>
      </toolsSet>
      <codeAssistance>
      </codeAssistance>
      <makefileType>
        <makeTool>
          <buildCommandWorkingDir>src</buildCommandWorkingDir>
          <buildCommand>${MAKE} BUILD_MODE=release</buildCommand>
          <cleanCommand>${MAKE} clean BUILD_MODE=release</cleanCommand>
          <executablePath>build/EXE/release/galaxy-explorer</executablePath>
        </makeTool>
        <preBuild>
          <preBuildCommandWorkingDir>.</preBuildCommandWorkingDir>
          <preBuildCommand></preBuildCommand>
        </preBuild>
      </makefileType>
    </conf>
    <conf name="Release_Test" type="0">
      <toolsSet>
        <compilerSet>default</compilerSet>
        <dependencyChecking>false</dependencyChecking>
        <rebuildPropChanged>false</rebuildPropChanged>
      </toolsSet>
      <codeAssistance>
      </codeAssistance>
      <makefileType>
        <makeTool>
          <buildCommandWorkingDir>src</buildCommandWorkingDir>
          <buildCommand>${MAKE} BUILD_MODE=release</buildCommand>
          <cleanCommand>${MAKE} clean BUILD_MODE=release</cleanCommand>
          <executablePath>build/EXE/release/test_galaxy-explorer</executablePath>
        </makeTool>
        <preBuild>
          <preBuildCommandWorkingDir>.</preBuildCommandWorkingDir>
          <preBuildCommand></preBuildCommand>
        </preBuild>
      </makefileType>
    </conf>
  </confs>
</configurationDescriptor>
